-- This script will create the database which is to be used for completing
-- Question 2 of the homework
--
-- It contains actual data from the 2006 Soccer World cup played in Germany.  

drop table if exists hwtwo_games;
drop table if exists hwtwo_players;
drop table if exists hwtwo_teams;

create table hwtwo_teams
(team_name varchar(25) not null,
 team_matches_played smallint not null,
 goals_for smallint not null,
 goals_against smallint not null,
 goal_difference smallint not null,
 team_shots smallint not null,
 team_shots_on_goal smallint not null,
 team_yellow_cards smallint not null,
 team_red_cards smallint not null,
 primary key (team_name)
);

create table hwtwo_players
(player_id smallint not null,
 player_name varchar(50) not null,
 matches_played smallint not null,
 goals_scored smallint not null,
 shots smallint not null,
 shots_on_goal smallint not null,
 yellow_cards smallint not null,
 red_cards smallint not null,
 team_name varchar(25) not null,
 primary key (player_id),
 foreign key (team_name) references hwtwo_teams(team_name)
);

create table hwtwo_games
(game_id smallint not null,
 team1_name varchar(25) not null,
 team2_name varchar(25) not null,
 team1_goals_scored smallint not null,
 team2_goals_scored smallint not null,
 winning_team varchar(50) not null,
 game_type varchar(20) not null,
 primary key (game_id),
 foreign key (team1_name) references hwtwo_teams(team_name),
 foreign key (team2_name) references hwtwo_teams(team_name)
 );

-- Team information
insert into hwtwo_teams values 
('Angola', 3, 1, 2, -1, 34, 11, 11, 1),
('Argentina', 5, 11, 3, 8, 53, 26, 12, 1),
('Australia', 4, 5, 6, -1, 54, 27, 11, 1),
('Brazil', 5, 10, 2, 8, 68, 37, 11, 0),
('Costa Rica', 3, 3, 9, -6, 28, 11, 8, 0),
('Cote d Ivoire', 3, 5, 6, -1, 49, 23, 9, 1),
('Croatia', 3, 2, 3, -1, 33, 12, 11, 2),
('Czech Republic', 3, 3, 4, -1, 35, 17, 7, 2),
('Ecuador', 4, 5, 4, 1, 40, 18, 9, 0),
('England', 5, 5, 2, 3, 67, 29, 9, 1),
('France', 7, 9, 3, 6, 77, 35, 16, 1),
('Germany', 7, 13, 6, 7, 113, 50, 12, 0),
('Ghana', 4, 4, 6, -2, 61, 23, 18, 1),
('Iran', 3, 2, 6, -4, 30, 19, 8, 0),
('Italy', 7, 12, 2, 10, 83, 48, 11, 2),
('Japan', 3, 2, 7, -5, 27, 10, 7, 0),
('Korea Republic', 3, 3, 4, -1, 36, 16, 9, 0),
('Mexico', 4, 5, 5, 0, 46, 21, 12, 1),
('Netherlands', 4, 3, 2, 1, 50, 26, 16, 2),
('Paraguay', 3, 1, 2, -1, 39, 14, 8, 0),
('Poland', 3, 2, 4, -2, 22, 13, 10, 1),
('Portugal', 7, 7, 5, 2, 100, 51, 24, 2),
('Saudi Arabia', 3, 2, 7, -5, 26, 9, 5, 0),
('Serbia and Montenegro', 3, 2, 10, -8, 21, 8, 12, 2),
('Spain', 4, 9, 4, 5, 69, 35, 6, 0),
('Sweden', 4, 3, 4, -1, 49, 24, 10, 1),
('Switzerland', 4, 4, 0, 4, 46, 25, 12, 0),
('Togo', 3, 1, 6, -5, 27, 12, 10, 1),
('Trinidad and Tobago', 3, 0, 4, -4, 22, 7, 10, 1),
('Tunisia', 3, 3, 6, -3, 19, 8, 14, 1),
('Ukraine', 5, 5, 7, -2, 56, 26, 12, 1),
('USA', 3, 1, 6, -5, 21, 4, 5, 2);

-- Player information
insert into hwtwo_players values (1, 'Jansen, Marcell', 1, 0, 0, 0, 0, 0, 'Germany'),
(2, 'Friedrich, Arne', 6, 0, 4, 0, 1, 0, 'Germany'),
(3, 'Huth, Robert', 1, 0, 0, 0, 0, 0, 'Germany'),
(4, 'Kehl, Sebastian', 4, 0, 4, 2, 0, 0, 'Germany'),
(5, 'Nowotny, Jens', 1, 0, 0, 0, 0, 0, 'Germany'),
(6, 'Schweinsteiger, Bastian', 7, 2, 8, 5, 1, 0, 'Germany'),
(7, 'Frings, Torsten', 6, 1, 6, 2, 2, 0, 'Germany'),
(8, 'Hanke, Mike', 1, 0, 0, 0, 0, 0, 'Germany'),
(9, 'Neuville, Oliver', 7, 1, 4, 3, 0, 0, 'Germany'),
(10, 'Klose, Miroslav', 7, 5, 20, 12, 0, 0, 'Germany'),
(11, 'Ballack, Michael', 5, 0, 22, 8, 1, 0, 'Germany'),
(12, 'Asamoah, Gerald', 1, 0, 1, 1, 0, 0, 'Germany'),
(13, 'Hitzlsperger, Thomas', 1, 0, 0, 0, 0, 0, 'Germany'),
(14, 'Lahm, Philipp', 7, 1, 5, 3, 0, 0, 'Germany'),
(15, 'Mertesacker, Per', 6, 0, 3, 1, 0, 0, 'Germany'),
(16, 'Borowski, Tim', 6, 0, 4, 2, 2, 0, 'Germany'),
(17, 'Schneider, Bernd', 7, 0, 7, 1, 0, 0, 'Germany'),
(18, 'Podolski, Lukas', 7, 3, 22, 10, 1, 0, 'Germany'),
(19, 'Metzelder, Christoph', 6, 0, 2, 0, 2, 0, 'Germany'),
(20, 'Odonkor, David', 4, 0, 1, 0, 2, 0, 'Germany'),
(21, 'Ayala, Roberto', 5, 1, 2, 2, 0, 0, 'Argentina'),
(22, 'Sorin, Juan', 4, 0, 1, 0, 2, 0, 'Argentina'),
(23, 'Coloccini, Fabricio', 2, 0, 2, 1, 0, 0, 'Argentina'),
(24, 'Cambiasso, Esteban', 5, 1, 2, 1, 1, 0, 'Argentina'),
(25, 'Heinze, Gabriel', 4, 0, 2, 1, 2, 0, 'Argentina'),
(26, 'Saviola, Javier', 3, 1, 4, 3, 1, 0, 'Argentina'),
(27, 'Mascherano, Javier', 5, 0, 2, 0, 2, 0, 'Argentina'),
(28, 'Crespo, Hernan', 4, 3, 7, 5, 1, 0, 'Argentina'),
(29, 'Riquelme, Juan', 5, 0, 9, 3, 0, 0, 'Argentina'),
(30, 'Tevez, Carlos', 4, 1, 8, 4, 0, 0, 'Argentina'),
(31, 'Scaloni, Lionel', 1, 0, 0, 0, 0, 0, 'Argentina'),
(32, 'Palacio, Rodrigo', 1, 0, 0, 0, 0, 0, 'Argentina'),
(33, 'Milito, Gabriel', 1, 0, 0, 0, 0, 0, 'Argentina'),
(34, 'Aimar, Pablo', 3, 0, 1, 0, 0, 0, 'Argentina'),
(35, 'Cufre, Leandro', 1, 0, 0, 0, 0, 1, 'Argentina'),
(36, 'Rodriguez, Maxi', 5, 3, 9, 4, 1, 0, 'Argentina'),
(37, 'Messi, Lionel', 3, 1, 2, 2, 0, 0, 'Argentina'),
(38, 'Cruz, Julio', 2, 0, 1, 0, 1, 0, 'Argentina'),
(39, 'Burdisso, Nicolas', 3, 0, 0, 0, 0, 0, 'Argentina'),
(40, 'Gonzalez, Luis', 3, 0, 1, 0, 1, 0, 'Argentina'),
(41, 'Zaccardo, Cristian', 3, 0, 0, 0, 0, 0, 'Italy'),
(42, 'Grosso, Fabio', 6, 1, 2, 2, 1, 0, 'Italy'),
(43, 'De Rossi, Daniele', 3, 0, 1, 0, 1, 1, 'Italy'),
(44, 'Cannavaro, Fabio', 7, 0, 4, 0, 0, 0, 'Italy'),
(45, 'Barzagli, Andrea', 2, 0, 0, 0, 0, 0, 'Italy'),
(46, 'Del Piero, Alessandro', 5, 1, 4, 3, 0, 0, 'Italy'),
(47, 'Gattuso, Gennaro', 6, 0, 2, 0, 2, 0, 'Italy'),
(48, 'Toni, Luca', 6, 2, 17, 10, 0, 0, 'Italy'),
(49, 'Totti, Francesco', 7, 1, 14, 11, 1, 0, 'Italy'),
(50, 'Gilardino, Alberto', 5, 1, 8, 6, 0, 0, 'Italy'),
(51, 'Nesta, Alessandro', 3, 0, 0, 0, 0, 0, 'Italy'),
(52, 'Iaquinta, Vincenzo', 5, 1, 5, 4, 1, 0, 'Italy'),
(53, 'Camoranesi, Mauro', 5, 0, 3, 0, 2, 0, 'Italy'),
(54, 'Barone, Simone', 2, 0, 0, 0, 0, 0, 'Italy'),
(55, 'Inzaghi, Filippo', 1, 1, 3, 1, 0, 0, 'Italy'),
(56, 'Zambrotta, Gianluca', 6, 1, 4, 2, 3, 0, 'Italy'),
(57, 'Perrotta, Simone', 7, 0, 6, 3, 0, 0, 'Italy'),
(58, 'Pirlo, Andrea', 7, 1, 7, 4, 0, 0, 'Italy'),
(59, 'Oddo, Massimo', 1, 0, 0, 0, 0, 0, 'Italy'),
(60, 'Materazzi, Marco', 4, 2, 3, 2, 0, 1, 'Italy'),
(61, 'Nesmachnyi, Andriy', 5, 0, 2, 0, 1, 0, 'Ukraine'),
(62, 'Iatsenko, Oleksandr', 0, 0, 0, 0, 0, 0, 'Ukraine'),
(63, 'Tymoschuk, Anatoliy', 5, 0, 4, 1, 1, 0, 'Ukraine'),
(64, 'Yezerskyi, Vladimir', 1, 0, 1, 0, 1, 0, 'Ukraine'),
(65, 'Rusol, Andriy', 4, 1, 1, 1, 2, 0, 'Ukraine'),
(66, 'Shevchenko, Andriy', 5, 2, 12, 8, 0, 0, 'Ukraine'),
(67, 'Shelayev, Oleg', 5, 0, 4, 1, 1, 0, 'Ukraine'),
(68, 'Gusev, Oleg', 5, 0, 2, 1, 0, 0, 'Ukraine'),
(69, 'Voronin, Andriy', 4, 0, 11, 4, 0, 0, 'Ukraine'),
(70, 'Rebrov, Serhiy', 4, 1, 5, 1, 0, 0, 'Ukraine'),
(71, 'Chigrynskyi, Dmytro', 0, 0, 0, 0, 0, 0, 'Ukraine'),
(72, 'Gusin, Andriy', 5, 0, 4, 3, 0, 0, 'Ukraine'),
(73, 'Milevskiy, Artem', 4, 0, 0, 0, 1, 0, 'Ukraine'),
(74, 'Vorobey, Andriy', 4, 0, 1, 0, 0, 0, 'Ukraine'),
(75, 'Vashchuk, Vladyslav', 3, 0, 0, 0, 0, 1, 'Ukraine'),
(76, 'Nazarenko, Serhiy', 0, 0, 0, 0, 0, 0, 'Ukraine'),
(77, 'Kalinichenko, Maksym', 4, 1, 7, 4, 2, 0, 'Ukraine'),
(78, 'Belik, Oleksiy', 1, 0, 1, 1, 0, 0, 'Ukraine'),
(79, 'Rotan, Ruslan', 3, 0, 1, 1, 0, 0, 'Ukraine'),
(80, 'Sviderskyi, Vyacheslav', 3, 0, 0, 0, 3, 0, 'Ukraine'),
(81, 'Neville, Gary', 2, 0, 0, 0, 0, 0, 'England'),
(82, 'Cole, Ashley', 5, 0, 0, 0, 0, 0, 'England'),
(83, 'Gerrard, Steven', 5, 2, 8, 2, 1, 0, 'England'),
(84, 'Ferdinand, Rio', 5, 0, 0, 0, 0, 0, 'England'),
(85, 'Terry, John', 5, 0, 1, 0, 2, 0, 'England'),
(86, 'Beckham, David', 5, 1, 7, 3, 0, 0, 'England'),
(87, 'Lampard, Frank', 5, 0, 24, 11, 1, 0, 'England'),
(88, 'Rooney, Wayne', 4, 0, 5, 4, 0, 1, 'England'),
(89, 'Owen, Michael', 3, 0, 3, 1, 0, 0, 'England'),
(90, 'Cole, Joe', 5, 1, 5, 2, 0, 0, 'England'),
(91, 'Campbell, Sol', 1, 0, 0, 0, 0, 0, 'England'),
(92, 'Bridge, Wayne', 0, 0, 0, 0, 0, 0, 'England'),
(93, 'Carragher, Jamie', 4, 0, 1, 1, 1, 0, 'England'),
(94, 'Hargreaves, Owen', 4, 0, 0, 0, 2, 0, 'England'),
(95, 'Jenas, Jermaine', 0, 0, 0, 0, 0, 0, 'England'),
(96, 'Carrick, Michael', 1, 0, 0, 0, 0, 0, 'England'),
(97, 'Lennon, Aaron', 3, 0, 1, 1, 0, 0, 'England'),
(98, 'Downing, Stewart', 3, 0, 1, 0, 0, 0, 'England'),
(99, 'Crouch, Peter', 4, 1, 11, 4, 1, 0, 'England'),
(100, 'Walcott, Theo', 0, 0, 0, 0, 0, 0, 'England'),
(101, 'Ferreira, Paulo', 3, 0, 0, 0, 1, 0, 'Portugal'),
(102, 'Caneira', 1, 0, 0, 0, 0, 0, 'Portugal'),
(103, 'Costa, Ricardo', 1, 0, 0, 0, 1, 0, 'Portugal'),
(104, 'Meira, Fernando', 7, 0, 2, 0, 0, 0, 'Portugal'),
(105, 'Costinha', 5, 0, 1, 1, 4, 1, 'Portugal'),
(106, 'Figo, Luis', 7, 0, 8, 4, 1, 0, 'Portugal'),
(107, 'Petit', 6, 0, 4, 2, 2, 0, 'Portugal'),
(108, 'Pauleta', 6, 1, 11, 7, 1, 0, 'Portugal'),
(109, 'Viana, Hugo', 2, 0, 2, 1, 0, 0, 'Portugal'),
(110, 'Sabrosa, Simao', 7, 1, 8, 2, 0, 0, 'Portugal'),
(111, 'Miguel', 6, 0, 2, 2, 1, 0, 'Portugal'),
(112, 'Valente, Nuno', 6, 0, 1, 0, 2, 0, 'Portugal'),
(113, 'Morte, Boa', 1, 0, 1, 0, 1, 0, 'Portugal'),
(114, 'Carvalho, Ricardo', 6, 0, 1, 0, 2, 0, 'Portugal'),
(115, 'Ronaldo, Cristiano', 6, 1, 21, 12, 1, 0, 'Portugal'),
(116, 'Maniche', 7, 2, 18, 8, 2, 0, 'Portugal'),
(117, 'Tiago', 5, 0, 7, 3, 0, 0, 'Portugal'),
(118, 'Deco', 4, 1, 8, 6, 3, 1, 'Portugal'),
(119, 'Gomes, Nuno', 2, 1, 2, 1, 1, 0, 'Portugal'),
(120, 'Postiga, Helder', 3, 0, 3, 2, 0, 0, 'Portugal'),
(121, 'Cafu', 4, 0, 2, 2, 2, 0, 'Brazil'),
(122, 'Lucio', 5, 0, 1, 1, 1, 0, 'Brazil'),
(123, 'Juan', 5, 0, 2, 1, 2, 0, 'Brazil'),
(124, 'Emerson', 3, 0, 1, 0, 1, 0, 'Brazil'),
(125, 'Carlos, Roberto', 4, 0, 8, 3, 0, 0, 'Brazil'),
(126, 'Adriano', 4, 2, 5, 3, 1, 0, 'Brazil'),
(127, 'Kaka', 5, 1, 8, 3, 0, 0, 'Brazil'),
(128, 'Ronaldo', 5, 3, 15, 8, 2, 0, 'Brazil'),
(129, 'Ronaldinho', 5, 0, 7, 4, 0, 0, 'Brazil'),
(130, 'Ze, Roberto', 5, 1, 2, 1, 0, 0, 'Brazil'),
(131, 'Cicinho', 2, 0, 2, 1, 0, 0, 'Brazil'),
(132, 'Luisao', 0, 0, 0, 0, 0, 0, 'Brazil'),
(133, 'Cris', 0, 0, 0, 0, 0, 0, 'Brazil'),
(134, 'Gilberto', 1, 1, 1, 1, 1, 0, 'Brazil'),
(135, 'Silva, Gilberto', 4, 0, 1, 0, 0, 0, 'Brazil'),
(136, 'Mineiro', 0, 0, 0, 0, 0, 0, 'Brazil'),
(137, 'Pernambucano, Juninho', 3, 1, 5, 3, 0, 0, 'Brazil'),
(138, 'Ricardinho', 2, 0, 0, 0, 0, 0, 'Brazil'),
(139, 'Fred', 1, 1, 1, 1, 0, 0, 'Brazil'),
(140, 'Robinho', 4, 0, 7, 5, 1, 0, 'Brazil'),
(141, 'Boumsong, Jean-Alain', 0, 0, 0, 0, 0, 0, 'France'),
(142, 'Abidal, Eric', 6, 0, 2, 0, 2, 0, 'France'),
(143, 'Vieira, Patrick', 7, 2, 8, 3, 1, 0, 'France'),
(144, 'Gallas, William', 7, 0, 1, 0, 0, 0, 'France'),
(145, 'Makelele, Claude', 7, 0, 3, 0, 2, 0, 'France'),
(146, 'Malouda, Florent', 6, 0, 12, 4, 1, 0, 'France'),
(147, 'Dhorasoo, Vikash', 2, 0, 1, 0, 0, 0, 'France'),
(148, 'Govou, Sidney', 4, 0, 1, 0, 0, 0, 'France'),
(149, 'Zidane, Zinedine', 6, 3, 9, 4, 3, 1, 'France'),
(150, 'Wiltord, Sylvain', 7, 0, 3, 1, 0, 0, 'France'),
(151, 'Henry, Thierry', 7, 3, 16, 13, 0, 0, 'France'),
(152, 'Silvestre, Mikael', 1, 0, 1, 1, 0, 0, 'France'),
(153, 'Saha, Louis', 3, 0, 1, 1, 2, 0, 'France'),
(154, 'Thuram, Lilian', 7, 0, 0, 0, 1, 0, 'France'),
(155, 'Givet, Gael', 0, 0, 0, 0, 0, 0, 'France'),
(156, 'Diarra, Alou', 2, 0, 0, 0, 0, 0, 'France'),
(157, 'Sagnol, Willy', 7, 0, 2, 1, 3, 0, 'France'),
(158, 'Trezeguet, David', 3, 0, 5, 3, 0, 0, 'France'),
(159, 'Chimbonda, Pascal', 0, 0, 0, 0, 0, 0, 'France'),
(160, 'Ribery, Frank', 7, 1, 12, 4, 1, 0, 'France'),
(161, 'Salgado, Michel', 1, 0, 0, 0, 0, 0, 'Spain'),
(162, 'Pernia, Mariano', 3, 0, 6, 1, 0, 0, 'Spain'),
(163, 'Marchena, Carlos', 1, 0, 0, 0, 1, 0, 'Spain'),
(164, 'Puyol, Carlos', 3, 0, 0, 0, 2, 0, 'Spain'),
(165, 'Albelda, David', 2, 0, 2, 2, 1, 0, 'Spain'),
(166, 'Raul', 4, 1, 5, 3, 0, 0, 'Spain'),
(167, 'Xavi', 4, 0, 1, 0, 0, 0, 'Spain'),
(168, 'Torres, Fernando', 4, 3, 13, 4, 0, 0, 'Spain'),
(169, 'Reyes, Jose, Antonio', 1, 0, 5, 3, 1, 0, 'Spain'),
(170, 'Garcia, Luis', 3, 0, 4, 0, 0, 0, 'Spain'),
(171, 'Lopez, Antonio', 1, 0, 1, 1, 0, 0, 'Spain'),
(172, 'Iniesta', 1, 0, 1, 1, 0, 0, 'Spain'),
(173, 'Xabi, Alonso', 3, 1, 3, 2, 0, 0, 'Spain'),
(174, 'Ramos, Sergio', 3, 0, 4, 0, 0, 0, 'Spain'),
(175, 'Marcos, Senna', 3, 0, 2, 1, 0, 0, 'Spain'),
(176, 'Joaquin', 3, 0, 6, 3, 0, 0, 'Spain'),
(177, 'Fabregas, Cesc', 4, 0, 6, 5, 1, 0, 'Spain'),
(178, 'Juanito', 1, 1, 2, 2, 0, 0, 'Spain'),
(179, 'Villa, David', 4, 3, 8, 7, 0, 0, 'Spain'),
(180, 'Pablo', 3, 0, 0, 0, 0, 0, 'Spain'),
(181, 'Sarpei, Hans', 0, 0, 0, 0, 0, 0, 'Ghana'),
(182, 'Gyan, Asamoah', 3, 1, 11, 7, 4, 1, 'Ghana'),
(183, 'Kuffour, Samuel', 1, 0, 0, 0, 0, 0, 'Ghana'),
(184, 'Mensah, John', 4, 0, 1, 1, 1, 0, 'Ghana'),
(185, 'Pappoe, Emmanuel', 2, 0, 1, 0, 0, 0, 'Ghana'),
(186, 'Shilla, Illiasu', 4, 0, 0, 0, 1, 0, 'Ghana'),
(187, 'Essien, Michael', 3, 0, 11, 4, 2, 0, 'Ghana'),
(188, 'Boateng, Derek', 3, 0, 1, 0, 1, 0, 'Ghana'),
(189, 'Appiah, Stephen', 4, 1, 7, 2, 2, 0, 'Ghana'),
(190, 'Muntari, Sulley', 3, 1, 8, 2, 3, 0, 'Ghana'),
(191, 'Tachie-Mensah, Alex', 3, 0, 2, 1, 0, 0, 'Ghana'),
(192, 'Mohamed, Habib', 2, 0, 1, 0, 1, 0, 'Ghana'),
(193, 'Amoah, Matthew', 4, 0, 8, 3, 0, 0, 'Ghana'),
(194, 'Pantsil, John', 4, 0, 3, 1, 1, 0, 'Ghana'),
(195, 'Quaye, Daniel', 0, 0, 0, 0, 0, 0, 'Ghana'),
(196, 'Addo, Eric', 4, 0, 0, 0, 1, 0, 'Ghana'),
(197, 'Pimpong, Razak', 3, 0, 1, 0, 0, 0, 'Ghana'),
(198, 'Addo, Otto', 2, 0, 1, 0, 1, 0, 'Ghana'),
(199, 'Issah, Ahmed', 0, 0, 0, 0, 0, 0, 'Ghana'),
(200, 'Draman, Haminu', 2, 1, 5, 2, 0, 0, 'Ghana'),
(201, 'Djourou, Johan', 3, 0, 0, 0, 1, 0, 'Switzerland'),
(202, 'Magnin, Ludovic', 3, 0, 3, 1, 1, 0, 'Switzerland'),
(203, 'Senderos, Philippe', 3, 1, 1, 1, 1, 0, 'Switzerland'),
(204, 'Margairaz, Xavier', 2, 0, 0, 0, 0, 0, 'Switzerland'),
(205, 'Vogel, Johann', 4, 0, 2, 1, 1, 0, 'Switzerland'),
(206, 'Cabanas, Ricardo', 4, 0, 3, 1, 1, 0, 'Switzerland'),
(207, 'Wicky, Raphael', 4, 0, 2, 2, 1, 0, 'Switzerland'),
(208, 'Frei, Alexander', 4, 2, 15, 7, 1, 0, 'Switzerland'),
(209, 'Gygax, Daniel', 2, 0, 1, 1, 0, 0, 'Switzerland'),
(210, 'Streller, Marco', 3, 0, 0, 0, 1, 0, 'Switzerland'),
(211, 'Grichting, Stephane', 1, 0, 0, 0, 0, 0, 'Switzerland'),
(212, 'Degen, David', 0, 0, 0, 0, 0, 0, 'Switzerland'),
(213, 'Dzemaili, Blerim', 0, 0, 0, 0, 0, 0, 'Switzerland'),
(214, 'Barnetta, Tranquillo', 4, 1, 9, 4, 1, 0, 'Switzerland'),
(215, 'Spycher, Christoph', 1, 0, 0, 0, 1, 0, 'Switzerland'),
(216, 'Lustrinelli, Mauro', 2, 0, 0, 0, 0, 0, 'Switzerland'),
(217, 'Behrami, Valon', 1, 0, 0, 0, 0, 0, 'Switzerland'),
(218, 'Mueller, Patrick', 4, 0, 1, 1, 0, 0, 'Switzerland'),
(219, 'Yakin, Hakan', 3, 0, 9, 6, 1, 0, 'Switzerland'),
(220, 'Degen, Philipp', 4, 0, 0, 0, 1, 0, 'Switzerland'),
(221, 'Neill, Lucas', 4, 0, 1, 0, 0, 0, 'Australia'),
(222, 'Moore, Craig', 4, 1, 1, 1, 1, 0, 'Australia'),
(223, 'Cahill, Tim', 4, 2, 6, 3, 2, 0, 'Australia'),
(224, 'Culina, Jason', 4, 0, 4, 2, 1, 0, 'Australia'),
(225, 'Popovic, Tony', 1, 0, 0, 0, 0, 0, 'Australia'),
(226, 'Emerton, Brett', 3, 0, 2, 0, 3, 1, 'Australia'),
(227, 'Skoko, Josip', 0, 0, 0, 0, 0, 0, 'Australia'),
(228, 'Viduka, Mark', 4, 0, 11, 7, 0, 0, 'Australia'),
(229, 'Kewell, Harry', 3, 1, 9, 5, 0, 0, 'Australia'),
(230, 'Lazaridis, Stan', 0, 0, 0, 0, 0, 0, 'Australia'),
(231, 'Grella, Vince', 4, 0, 1, 0, 2, 0, 'Australia'),
(232, 'Chipperfield, Scott', 4, 0, 3, 3, 0, 0, 'Australia'),
(233, 'Aloisi, John', 4, 1, 2, 2, 1, 0, 'Australia'),
(234, 'Beauchamp, Michael', 0, 0, 0, 0, 0, 0, 'Australia'),
(235, 'Thompson, Archie', 0, 0, 0, 0, 0, 0, 'Australia'),
(236, 'Kennedy, Joshua', 2, 0, 3, 1, 0, 0, 'Australia'),
(237, 'Wilkshire, Luke', 2, 0, 1, 0, 1, 0, 'Australia'),
(238, 'Sterjovski, Mile', 3, 0, 2, 0, 0, 0, 'Australia'),
(239, 'Milligan, Mark', 0, 0, 0, 0, 0, 0, 'Australia'),
(240, 'Bresciano, Marco', 4, 0, 8, 3, 0, 0, 'Australia'),
(241, 'Jaliens, Kew', 1, 0, 0, 0, 0, 0, 'Netherlands'),
(242, 'Boulahrouz, Khalid', 4, 0, 0, 0, 3, 1, 'Netherlands'),
(243, 'Mathijsen, Joris', 3, 0, 1, 0, 1, 0, 'Netherlands'),
(244, 'Van Bronckhorst, Giovanni', 3, 0, 1, 1, 3, 1, 'Netherlands'),
(245, 'Landzaat, Denny', 3, 0, 0, 0, 0, 0, 'Netherlands'),
(246, 'Kuyt, Dirk', 3, 0, 6, 6, 1, 0, 'Netherlands'),
(247, 'Cocu, Phillip', 4, 0, 4, 2, 0, 0, 'Netherlands'),
(248, 'Van Nistelrooij, Ruud', 3, 1, 4, 4, 0, 0, 'Netherlands'),
(249, 'Van Der Vaart, Rafael', 3, 0, 5, 2, 1, 0, 'Netherlands'),
(250, 'Robben, Arjen', 3, 1, 9, 4, 1, 0, 'Netherlands'),
(251, 'Kromkamp, Jan', 0, 0, 0, 0, 0, 0, 'Netherlands'),
(252, 'Ooijer, Andre', 4, 0, 1, 0, 1, 0, 'Netherlands'),
(253, 'Heitinga, John', 3, 0, 1, 0, 1, 0, 'Netherlands'),
(254, 'De Cler, Tim', 1, 0, 0, 0, 1, 0, 'Netherlands'),
(255, 'Maduro, Hedwiges', 1, 0, 0, 0, 0, 0, 'Netherlands'),
(256, 'Van Persie, Robin', 4, 1, 8, 4, 0, 0, 'Netherlands'),
(257, 'Van Bommel, Mark', 3, 0, 3, 1, 2, 0, 'Netherlands'),
(258, 'Vennegoor Of Hesselink, Jan', 1, 0, 0, 0, 0, 0, 'Netherlands'),
(259, 'Sneijder, Wesley', 4, 0, 6, 2, 1, 0, 'Netherlands'),
(260, 'Babel, Ryan', 1, 0, 1, 0, 0, 0, 'Netherlands'),
(261, 'Guagua, Jorge', 3, 0, 0, 0, 0, 0, 'Ecuador'),
(262, 'Hurtado, Ivan', 3, 0, 0, 0, 1, 0, 'Ecuador'),
(263, 'De La Cruz, Ulises', 4, 0, 0, 0, 2, 0, 'Ecuador'),
(264, 'Perlaza, Jose', 0, 0, 0, 0, 0, 0, 'Ecuador'),
(265, 'Urrutia, Patricio', 3, 0, 0, 0, 0, 0, 'Ecuador'),
(266, 'Lara, Christian', 2, 0, 1, 0, 0, 0, 'Ecuador'),
(267, 'Mendez, Edison', 4, 0, 12, 4, 1, 0, 'Ecuador'),
(268, 'Borja, Felix', 1, 0, 0, 0, 0, 0, 'Ecuador'),
(269, 'Kaviedes, Ivan', 4, 1, 6, 2, 0, 0, 'Ecuador'),
(270, 'Delgado, Agustin', 3, 2, 7, 3, 0, 0, 'Ecuador'),
(271, 'Ambrosi, Paul', 1, 0, 0, 0, 0, 0, 'Ecuador'),
(272, 'Castillo, Segundo', 3, 0, 2, 1, 1, 0, 'Ecuador'),
(273, 'Ayovi, Marlon', 1, 0, 0, 0, 0, 0, 'Ecuador'),
(274, 'Valencia, Luis', 4, 0, 6, 4, 2, 0, 'Ecuador'),
(275, 'Espinoza, Giovanny', 4, 0, 0, 0, 0, 0, 'Ecuador'),
(276, 'Reasco, Neicer', 3, 0, 1, 0, 0, 0, 'Ecuador'),
(277, 'Saritama, Luis', 0, 0, 0, 0, 0, 0, 'Ecuador'),
(278, 'Tenorio, Edwin', 4, 0, 2, 1, 0, 0, 'Ecuador'),
(279, 'Tenorio, Carlos', 3, 2, 3, 3, 1, 0, 'Ecuador'),
(280, 'Benitez, Cristian', 1, 0, 0, 0, 0, 0, 'Ecuador'),
(281, 'Suarez, Claudio', 0, 0, 0, 0, 0, 0, 'Mexico'),
(282, 'Salcido, Carlos', 4, 0, 1, 0, 1, 0, 'Mexico'),
(283, 'Marquez, Rafael', 4, 1, 5, 3, 2, 0, 'Mexico'),
(284, 'Osorio, Ricardo', 4, 0, 0, 0, 0, 0, 'Mexico'),
(285, 'Torrado, Gerardo', 3, 0, 1, 0, 2, 0, 'Mexico'),
(286, 'Zinha', 4, 1, 4, 1, 1, 0, 'Mexico'),
(287, 'Pardo, Pavel', 4, 0, 5, 2, 0, 0, 'Mexico'),
(288, 'Borgetti, Jared', 2, 0, 5, 2, 0, 0, 'Mexico'),
(289, 'Franco, Guillermo', 3, 0, 4, 3, 0, 0, 'Mexico'),
(290, 'Morales, Ramon', 2, 0, 0, 0, 0, 0, 'Mexico'),
(291, 'Pineda, Gonzalo', 4, 0, 0, 0, 1, 0, 'Mexico'),
(292, 'Castro, Jose Antonio', 2, 0, 0, 0, 1, 0, 'Mexico'),
(293, 'Mendez, Mario', 4, 0, 0, 0, 0, 0, 'Mexico'),
(294, 'Fonseca, Jose', 4, 1, 9, 4, 1, 0, 'Mexico'),
(295, 'Guardado, Andres', 1, 0, 1, 0, 0, 0, 'Mexico'),
(296, 'Bravo, Omar', 3, 2, 10, 5, 0, 0, 'Mexico'),
(297, 'Garcia, Rafael', 0, 0, 0, 0, 0, 0, 'Mexico'),
(298, 'Arellano, Jesus', 1, 0, 1, 1, 0, 0, 'Mexico'),
(299, 'Rodriguez, Francisco', 1, 0, 0, 0, 1, 0, 'Mexico'),
(300, 'Perez, Luis', 2, 0, 0, 0, 2, 1, 'Mexico'),
(301, 'Nilsson, Mikael', 0, 0, 0, 0, 0, 0, 'Sweden'),
(302, 'Mellberg, Olof', 4, 0, 4, 1, 0, 0, 'Sweden'),
(303, 'Lucic, Teddy', 4, 0, 0, 0, 3, 1, 'Sweden'),
(304, 'Edman, Erik', 4, 0, 1, 0, 0, 0, 'Sweden'),
(305, 'Linderoth, Tobias', 4, 0, 0, 0, 1, 0, 'Sweden'),
(306, 'Alexandersson, Niclas', 4, 0, 0, 0, 1, 0, 'Sweden'),
(307, 'Svensson, Anders', 1, 0, 0, 0, 0, 0, 'Sweden'),
(308, 'Ljungberg, Fredrik', 4, 1, 6, 3, 1, 0, 'Sweden'),
(309, 'Ibrahimovic, Zlatan', 3, 0, 9, 5, 0, 0, 'Sweden'),
(310, 'Larsson, Henrik', 4, 1, 10, 4, 1, 0, 'Sweden'),
(311, 'Hansson, Petter', 1, 0, 1, 1, 0, 0, 'Sweden'),
(312, 'Stenman, Fredrik', 0, 0, 0, 0, 0, 0, 'Sweden'),
(313, 'Svensson, Karl', 0, 0, 0, 0, 0, 0, 'Sweden'),
(314, 'Kallstrom, Kim', 4, 0, 5, 2, 0, 0, 'Sweden'),
(315, 'Elmander, Johan', 2, 0, 1, 1, 0, 0, 'Sweden'),
(316, 'Jonson, Mattias', 4, 0, 2, 1, 1, 0, 'Sweden'),
(317, 'Andersson, Daniel', 1, 0, 0, 0, 0, 0, 'Sweden'),
(318, 'Allback, Marcus', 4, 1, 7, 5, 2, 0, 'Sweden'),
(319, 'Wilhelmsson, Christian', 4, 0, 3, 1, 0, 0, 'Sweden'),
(320, 'Rosenberg, Markus', 0, 0, 0, 0, 0, 0, 'Sweden'),
(321, 'Essediri, Karim', 1, 0, 0, 0, 0, 0, 'Tunisia'),
(322, 'Haggui, Karim', 3, 0, 2, 0, 1, 0, 'Tunisia'),
(323, 'Yahia, Alaeddine', 1, 0, 0, 0, 0, 0, 'Tunisia'),
(324, 'Jaziri, Zied', 3, 1, 1, 1, 3, 1, 'Tunisia'),
(325, 'Trabelsi, Hatem', 3, 0, 2, 1, 1, 0, 'Tunisia'),
(326, 'Guemamdia, Haykel', 1, 0, 1, 0, 1, 0, 'Tunisia'),
(327, 'Nafti, Mehdi', 3, 0, 1, 0, 0, 0, 'Tunisia'),
(328, 'Chikhaoui, Yassine', 1, 0, 0, 0, 1, 0, 'Tunisia'),
(329, 'Ghodhbane, Kaies', 3, 0, 1, 0, 0, 0, 'Tunisia'),
(330, 'Santos', 1, 0, 1, 0, 0, 0, 'Tunisia'),
(331, 'Mnari, Jaouhar', 3, 1, 1, 1, 1, 0, 'Tunisia'),
(332, 'Bouazizi, Riadh', 3, 0, 0, 0, 2, 0, 'Tunisia'),
(333, 'Chedli, Adel', 3, 0, 3, 1, 1, 0, 'Tunisia'),
(334, 'Jaidi, Radhi', 3, 1, 1, 1, 2, 0, 'Tunisia'),
(335, 'Ben Saada, Chaouki', 1, 0, 0, 0, 0, 0, 'Tunisia'),
(336, 'Jemmali, David', 1, 0, 0, 0, 0, 0, 'Tunisia'),
(337, 'Ayari, Anis', 2, 0, 2, 1, 1, 0, 'Tunisia'),
(338, 'Namouchi, Hamed', 3, 0, 3, 2, 0, 0, 'Tunisia'),
(339, 'Saidi, Karim', 0, 0, 0, 0, 0, 0, 'Tunisia'),
(340, 'Melliti, Sofiane', 0, 0, 0, 0, 0, 0, 'Tunisia'),
(341, 'Dokhi, Ahmed', 3, 0, 1, 0, 1, 0, 'Saudi Arabia'),
(342, 'Tukar, Redha', 3, 0, 2, 1, 0, 0, 'Saudi Arabia'),
(343, 'Al Montashari, Hamad', 3, 0, 1, 0, 0, 0, 'Saudi Arabia'),
(344, 'Al Qadi, Naif', 0, 0, 0, 0, 0, 0, 'Saudi Arabia'),
(345, 'Al Ghamdi, Omar', 2, 0, 0, 0, 1, 0, 'Saudi Arabia'),
(346, 'Ameen, Mohammed', 2, 0, 0, 0, 0, 0, 'Saudi Arabia'),
(347, 'Noor, Mohammed', 3, 0, 1, 0, 0, 0, 'Saudi Arabia'),
(348, 'Al Jaber, Sami', 3, 1, 2, 2, 1, 0, 'Saudi Arabia'),
(349, 'Al Shlhoub, Mohammad', 0, 0, 0, 0, 0, 0, 'Saudi Arabia'),
(350, 'Al Harthi, Saad', 1, 0, 1, 0, 0, 0, 'Saudi Arabia'),
(351, 'Khathran, Abdulaziz', 2, 0, 0, 0, 0, 0, 'Saudi Arabia'),
(352, 'Sulimani, Hussein', 3, 0, 7, 4, 0, 0, 'Saudi Arabia'),
(353, 'Kariri, Saud', 3, 0, 1, 0, 1, 0, 'Saudi Arabia'),
(354, 'Al Bahri, Ahmed', 0, 0, 0, 0, 0, 0, 'Saudi Arabia'),
(355, 'Aziz, Khaled', 3, 0, 1, 0, 0, 0, 'Saudi Arabia'),
(356, 'Al Bishi, Mohamed', 0, 0, 0, 0, 0, 0, 'Saudi Arabia'),
(357, 'Al Temyat, Nawaf', 2, 0, 6, 1, 1, 0, 'Saudi Arabia'),
(358, 'Massad, Mohammed', 1, 0, 0, 0, 0, 0, 'Saudi Arabia'),
(359, 'Al Kahtani, Yasser', 2, 1, 2, 1, 0, 0, 'Saudi Arabia'),
(360, 'Al Hawsawi, Malek', 3, 0, 1, 0, 0, 0, 'Saudi Arabia'),
(361, 'Kim, Young Chul', 2, 0, 0, 0, 1, 0, 'Korea Republic'),
(362, 'Kim, Dong Jin', 2, 0, 2, 1, 1, 0, 'Korea Republic'),
(363, 'Choi, Jin Cheul', 3, 0, 0, 0, 1, 0, 'Korea Republic'),
(364, 'Kim, Nam Il', 3, 0, 0, 0, 0, 0, 'Korea Republic'),
(365, 'Kim, Jin Kyu', 2, 0, 4, 1, 1, 0, 'Korea Republic'),
(366, 'Park, Ji Sung', 3, 1, 6, 3, 0, 0, 'Korea Republic'),
(367, 'Kim, Do Heon', 0, 0, 0, 0, 0, 0, 'Korea Republic'),
(368, 'Ahn, Jung Hwan', 3, 1, 7, 4, 1, 0, 'Korea Republic'),
(369, 'Park, Chu Young', 1, 0, 1, 0, 1, 0, 'Korea Republic'),
(370, 'Seol, Ki Hyeon', 2, 0, 0, 0, 0, 0, 'Korea Republic'),
(371, 'Lee, Young Pyo', 3, 0, 0, 0, 0, 0, 'Korea Republic'),
(372, 'Lee, Eul Yong', 2, 0, 2, 1, 0, 0, 'Korea Republic'),
(373, 'Lee, Chun Soo', 3, 1, 6, 4, 2, 0, 'Korea Republic'),
(374, 'Baek, Ji Hoon', 0, 0, 0, 0, 0, 0, 'Korea Republic'),
(375, 'Chung, Kyung Ho', 0, 0, 0, 0, 0, 0, 'Korea Republic'),
(376, 'Lee, Ho', 3, 0, 1, 0, 1, 0, 'Korea Republic'),
(377, 'Kim, Sang Sik', 2, 0, 0, 0, 0, 0, 'Korea Republic'),
(378, 'Cho, Jae Jin', 3, 0, 6, 2, 0, 0, 'Korea Republic'),
(379, 'Song, Chong Gug', 1, 0, 1, 0, 0, 0, 'Korea Republic'),
(380, 'Cho, Won Hee', 0, 0, 0, 0, 0, 0, 'Korea Republic'),
(381, 'Nibombe, Dare', 3, 0, 2, 1, 0, 0, 'Togo'),
(382, 'Abalo, Jean-Paul', 2, 0, 0, 0, 2, 1, 'Togo'),
(383, 'Adebayor, Emmanuel', 3, 0, 3, 1, 1, 0, 'Togo'),
(384, 'Tchangai, Massamasso', 3, 0, 1, 0, 1, 0, 'Togo'),
(385, 'Aziawonou, Yao', 2, 0, 0, 0, 1, 0, 'Togo'),
(386, 'Salifou, Moustapha', 3, 0, 5, 2, 2, 0, 'Togo'),
(387, 'Agboh, Kuami', 1, 0, 0, 0, 0, 0, 'Togo'),
(388, 'Dossevi, Thomas', 2, 0, 1, 0, 0, 0, 'Togo'),
(389, 'Mamam, Cherif Toure', 3, 0, 3, 1, 1, 0, 'Togo'),
(390, 'Malm, Robert', 1, 0, 0, 0, 0, 0, 'Togo'),
(391, 'Akoto, Eric', 0, 0, 0, 0, 0, 0, 'Togo'),
(392, 'Forson, Richmond', 3, 0, 0, 0, 0, 0, 'Togo'),
(393, 'Olufade, Adekanmi', 1, 0, 0, 0, 0, 0, 'Togo'),
(394, 'Romao, Alaixys', 2, 0, 0, 0, 2, 0, 'Togo'),
(395, 'Mohamed, Kader', 3, 1, 10, 6, 0, 0, 'Togo'),
(396, 'Senaya, Yao Junior', 3, 0, 2, 1, 0, 0, 'Togo'),
(397, 'Assemoassa, Ludovic', 1, 0, 0, 0, 0, 0, 'Togo'),
(398, 'Erassa, Affo', 0, 0, 0, 0, 0, 0, 'Togo'),
(399, 'Atsou, Franck', 0, 0, 0, 0, 0, 0, 'Togo'),
(400, 'Toure, Assimiou', 2, 0, 0, 0, 0, 0, 'Togo'),
(401, 'Srna, Darijo', 3, 1, 4, 2, 1, 0, 'Croatia'),
(402, 'Simunic, Josip', 3, 0, 1, 0, 2, 1, 'Croatia'),
(403, 'Kovac, Robert', 2, 0, 0, 0, 2, 0, 'Croatia'),
(404, 'Tudor, Igor', 3, 0, 1, 0, 2, 0, 'Croatia'),
(405, 'Vranjes, Jurica', 0, 0, 0, 0, 0, 0, 'Croatia'),
(406, 'Simic, Dario', 3, 0, 0, 0, 2, 1, 'Croatia'),
(407, 'Babic, Marko', 3, 0, 2, 1, 0, 0, 'Croatia'),
(408, 'Prso, Dado', 3, 0, 4, 1, 0, 0, 'Croatia'),
(409, 'Kovac, Niko', 3, 1, 2, 1, 1, 0, 'Croatia'),
(410, 'Tokic, Mario', 0, 0, 0, 0, 0, 0, 'Croatia'),
(411, 'Tomas, Stjepan', 1, 0, 0, 0, 0, 0, 'Croatia'),
(412, 'Modric, Luka', 2, 0, 3, 2, 0, 0, 'Croatia'),
(413, 'Leko, Ivan', 0, 0, 0, 0, 0, 0, 'Croatia'),
(414, 'Leko, Jerko', 2, 0, 1, 0, 0, 0, 'Croatia'),
(415, 'Klasnic, Ivan', 3, 0, 6, 3, 0, 0, 'Croatia'),
(416, 'Olic, Ivica', 3, 0, 2, 0, 0, 0, 'Croatia'),
(417, 'Kranjcar, Niko', 3, 0, 7, 2, 0, 0, 'Croatia'),
(418, 'Seric, Anthony', 0, 0, 0, 0, 0, 0, 'Croatia'),
(419, 'Balaban, Bosko', 0, 0, 0, 0, 0, 0, 'Croatia'),
(420, 'Bosnjak, Ivan', 1, 0, 0, 0, 0, 0, 'Croatia'),
(421, 'Moniwa, Teruyuki', 1, 0, 0, 0, 1, 0, 'Japan'),
(422, 'Komano, Yuichi', 1, 0, 0, 0, 0, 0, 'Japan'),
(423, 'Endo, Yasuhito', 0, 0, 0, 0, 0, 0, 'Japan'),
(424, 'Miyamoto, Tsuneyasu', 2, 0, 0, 0, 2, 0, 'Japan'),
(425, 'Nakata, Koji', 1, 0, 1, 1, 0, 0, 'Japan'),
(426, 'Nakata, Hidetoshi', 3, 0, 4, 3, 0, 0, 'Japan'),
(427, 'Ogasawara, Mitsuo', 2, 0, 2, 2, 0, 0, 'Japan'),
(428, 'Takahara, Naohiro', 3, 0, 2, 1, 1, 0, 'Japan'),
(429, 'Nakamura, Shunsuke', 3, 1, 4, 1, 0, 0, 'Japan'),
(430, 'Maki, Seiichiro', 1, 0, 2, 0, 0, 0, 'Japan'),
(431, 'Yanagisawa, Atsushi', 2, 0, 3, 1, 0, 0, 'Japan'),
(432, 'Santos, Alessandro', 3, 0, 2, 0, 1, 0, 'Japan'),
(433, 'Fukunishi, Takashi', 2, 0, 2, 0, 0, 0, 'Japan'),
(434, 'Oguro, Masashi', 3, 0, 1, 0, 0, 0, 'Japan'),
(435, 'Inamoto, Junichi', 2, 0, 3, 0, 0, 0, 'Japan'),
(436, 'Ono, Shinji', 1, 0, 0, 0, 0, 0, 'Japan'),
(437, 'Tsuboi, Keisuke', 2, 0, 0, 0, 0, 0, 'Japan'),
(438, 'Tamada, Keiji', 2, 1, 1, 1, 0, 0, 'Japan'),
(439, 'Kaji, Akira', 2, 0, 0, 0, 1, 0, 'Japan'),
(440, 'Nakazawa, Yuji', 3, 0, 0, 0, 0, 0, 'Japan'),
(441, 'Albright, Chris', 0, 0, 0, 0, 0, 0, 'USA'),
(442, 'Bocanegra, Carlos', 2, 0, 3, 0, 0, 0, 'USA'),
(443, 'Mastroeni, Pablo', 2, 0, 1, 0, 0, 1, 'USA'),
(444, 'O Brien, John', 1, 0, 0, 0, 0, 0, 'USA'),
(445, 'Cherundolo, Steve', 3, 0, 0, 0, 0, 0, 'USA'),
(446, 'Lewis, Eddie', 2, 0, 0, 0, 1, 0, 'USA'),
(447, 'Dempsey, Clint', 2, 1, 3, 2, 0, 0, 'USA'),
(448, 'Johnson, Eddie', 2, 0, 2, 0, 0, 0, 'USA'),
(449, 'Reyna, Claudio', 3, 0, 3, 1, 1, 0, 'USA'),
(450, 'Ching, Brian', 0, 0, 0, 0, 0, 0, 'USA'),
(451, 'Berhalter, Gregg', 0, 0, 0, 0, 0, 0, 'USA'),
(452, 'Conrad, Jimmy', 2, 0, 0, 0, 0, 0, 'USA'),
(453, 'Olsen, Ben', 1, 0, 0, 0, 0, 0, 'USA'),
(454, 'Convey, Bobby', 3, 0, 2, 0, 0, 0, 'USA'),
(455, 'Wolff, Josh', 1, 0, 1, 0, 0, 0, 'USA'),
(456, 'Beasley, Damarcus', 3, 0, 1, 0, 0, 0, 'USA'),
(457, 'Mc Bride, Brian', 3, 0, 2, 1, 0, 0, 'USA'),
(458, 'Donovan, Landon', 3, 0, 1, 0, 0, 0, 'USA'),
(459, 'Onyewu, Oguchi', 3, 0, 1, 0, 1, 0, 'USA'),
(460, 'Pope, Eddie', 2, 0, 1, 0, 2, 1, 'USA'),
(461, 'Grygera, Zdenek', 3, 0, 2, 0, 1, 0, 'Czech Republic'),
(462, 'Mares, Pavel', 0, 0, 0, 0, 0, 0, 'Czech Republic'),
(463, 'Galasek, Tomas', 2, 0, 0, 0, 0, 0, 'Czech Republic'),
(464, 'Kovac, Radoslav', 1, 0, 0, 0, 0, 0, 'Czech Republic'),
(465, 'Jankulovski, Marek', 3, 0, 4, 1, 0, 0, 'Czech Republic'),
(466, 'Sionko, Libor', 1, 0, 1, 1, 0, 0, 'Czech Republic'),
(467, 'Poborsky, Karel', 3, 0, 3, 0, 0, 0, 'Czech Republic'),
(468, 'Koller, Jan', 1, 1, 1, 1, 0, 0, 'Czech Republic'),
(469, 'Rosicky, Tomas', 3, 2, 5, 3, 1, 0, 'Czech Republic'),
(470, 'Nedved, Pavel', 3, 0, 6, 5, 0, 0, 'Czech Republic'),
(471, 'Lokvenc, Vratislav', 2, 0, 2, 1, 2, 0, 'Czech Republic'),
(472, 'Jiranek, Martin', 0, 0, 0, 0, 0, 0, 'Czech Republic'),
(473, 'Jarolim, David', 1, 0, 0, 0, 0, 0, 'Czech Republic'),
(474, 'Baros, Milan', 1, 0, 2, 1, 0, 0, 'Czech Republic'),
(475, 'Stajner, Jiri', 3, 0, 0, 0, 0, 0, 'Czech Republic'),
(476, 'Heinz, Marek', 1, 0, 1, 1, 0, 0, 'Czech Republic'),
(477, 'Polak, Jan', 3, 0, 1, 1, 2, 1, 'Czech Republic'),
(478, 'Plasil, Jaroslav', 3, 0, 6, 2, 0, 0, 'Czech Republic'),
(479, 'Ujfalusi, Tomas', 2, 0, 1, 0, 0, 1, 'Czech Republic'),
(480, 'Rozehnal, David', 3, 0, 0, 0, 1, 0, 'Czech Republic'),
(481, 'Mahdavikia, Mehdi', 3, 0, 4, 3, 0, 0, 'Iran'),
(482, 'Bakhtiarizadeh, Sohrab', 2, 1, 1, 1, 0, 0, 'Iran'),
(483, 'Golmohammadi, Yahya', 2, 1, 1, 1, 1, 0, 'Iran'),
(484, 'Rezaei, Rahman', 3, 0, 2, 2, 0, 0, 'Iran'),
(485, 'Nekounam, Javad', 2, 0, 1, 0, 2, 0, 'Iran'),
(486, 'Zandi, Ferydoon', 2, 0, 5, 3, 1, 0, 'Iran'),
(487, 'Karimi, Ali', 2, 0, 0, 0, 0, 0, 'Iran'),
(488, 'Hashemian, Vahid', 3, 0, 3, 2, 0, 0, 'Iran'),
(489, 'Daei, Ali', 2, 0, 4, 3, 0, 0, 'Iran'),
(490, 'Khatibi, Rasoul', 2, 0, 5, 2, 0, 0, 'Iran'),
(491, 'Kaabi, Hossein', 3, 0, 0, 0, 1, 0, 'Iran'),
(492, 'Teymourian, Andranik', 3, 0, 1, 1, 1, 0, 'Iran'),
(493, 'Borhani, Arash', 2, 0, 1, 1, 0, 0, 'Iran'),
(494, 'Enayati, Reza', 0, 0, 0, 0, 0, 0, 'Iran'),
(495, 'Kazemeian, Javad', 0, 0, 0, 0, 0, 0, 'Iran'),
(496, 'Navidkia, Moharram', 0, 0, 0, 0, 0, 0, 'Iran'),
(497, 'Sadeqi, Amir Hossein', 0, 0, 0, 0, 0, 0, 'Iran'),
(498, 'Nosrati, Mohammad', 3, 0, 1, 0, 0, 0, 'Iran'),
(499, 'Madanchi, Mehrzad', 3, 0, 1, 0, 2, 0, 'Iran'),
(500, 'Shojaei, Masoud', 1, 0, 0, 0, 0, 0, 'Iran'),
(501, 'Airosa, Marcos', 0, 0, 0, 0, 0, 0, 'Angola'),
(502, 'Jamba', 3, 0, 0, 0, 1, 0, 'Angola'),
(503, 'Lebo, Lebo', 0, 0, 0, 0, 0, 0, 'Angola'),
(504, 'Kali', 3, 0, 0, 0, 0, 0, 'Angola'),
(505, 'Miloy', 3, 0, 2, 1, 0, 0, 'Angola'),
(506, 'Figueiredo', 3, 0, 5, 1, 0, 0, 'Angola'),
(507, 'Andre', 2, 0, 1, 1, 3, 1, 'Angola'),
(508, 'Mantorras', 2, 0, 0, 0, 0, 0, 'Angola'),
(509, 'Akwa', 3, 0, 7, 0, 0, 0, 'Angola'),
(510, 'Mateus', 3, 0, 4, 1, 0, 0, 'Angola'),
(511, 'Edson', 1, 0, 0, 0, 0, 0, 'Angola'),
(512, 'Mendonca', 3, 0, 8, 3, 1, 0, 'Angola'),
(513, 'Marques, Rui', 2, 0, 0, 0, 0, 0, 'Angola'),
(514, 'Flavio', 1, 1, 1, 1, 0, 0, 'Angola'),
(515, 'Kalanga, Ze', 3, 0, 1, 0, 2, 0, 'Angola'),
(516, 'Love', 1, 0, 3, 3, 0, 0, 'Angola'),
(517, 'Titi Buengo, Andre', 0, 0, 0, 0, 0, 0, 'Angola'),
(518, 'Loco', 3, 0, 2, 0, 2, 0, 'Angola'),
(519, 'Delgado', 3, 0, 0, 0, 1, 0, 'Angola'),
(520, 'Abreu, Marco', 0, 0, 0, 0, 0, 0, 'Angola'),
(521, 'Akale, Kanga', 3, 0, 2, 1, 0, 0, 'Cote d Ivoire'),
(522, 'Boka, Arthur', 3, 0, 3, 0, 1, 0, 'Cote d Ivoire'),
(523, 'Toure, Kolo', 2, 0, 3, 2, 0, 0, 'Cote d Ivoire'),
(524, 'Zokora, Didier', 3, 0, 2, 2, 1, 0, 'Cote d Ivoire'),
(525, 'Kouassi, Blaise', 1, 0, 1, 1, 0, 0, 'Cote d Ivoire'),
(526, 'Fae, Emerse', 0, 0, 0, 0, 0, 0, 'Cote d Ivoire'),
(527, 'Kalou, Bonaventure', 2, 1, 3, 1, 0, 0, 'Cote d Ivoire'),
(528, 'Kone, Arouna', 3, 0, 5, 1, 0, 0, 'Cote d Ivoire'),
(529, 'Yapi Yapo, Gilles', 1, 0, 1, 1, 0, 0, 'Cote d Ivoire'),
(530, 'Drogba, Didier', 2, 1, 6, 2, 2, 0, 'Cote d Ivoire'),
(531, 'Meite, Abdoulaye', 2, 0, 2, 1, 0, 0, 'Cote d Ivoire'),
(532, 'Zoro, Marc', 0, 0, 0, 0, 0, 0, 'Cote d Ivoire'),
(533, 'Kone, Bakary', 3, 1, 4, 1, 0, 0, 'Cote d Ivoire'),
(534, 'Dindane, Aruna', 3, 2, 5, 4, 1, 0, 'Cote d Ivoire'),
(535, 'Domoraud, Cyrille', 1, 0, 0, 0, 2, 1, 'Cote d Ivoire'),
(536, 'Keita, Kader', 2, 0, 3, 2, 1, 0, 'Cote d Ivoire'),
(537, 'Toure, Yaya', 3, 0, 7, 2, 0, 0, 'Cote d Ivoire'),
(538, 'Demel, Guy', 0, 0, 0, 0, 0, 0, 'Cote d Ivoire'),
(539, 'Eboue, Emmanuel', 3, 0, 0, 0, 1, 0, 'Cote d Ivoire'),
(540, 'Romaric', 1, 0, 2, 2, 0, 0, 'Cote d Ivoire'),
(541, 'Ergic, Ivan', 2, 0, 0, 0, 0, 0, 'Serbia and Montenegro'),
(542, 'Dragutinovic, Ivica', 1, 0, 0, 0, 1, 0, 'Serbia and Montenegro'),
(543, 'Duljaj, Igor', 3, 0, 0, 0, 1, 0, 'Serbia and Montenegro'),
(544, 'Vidic, Nemanja', 0, 0, 0, 0, 0, 0, 'Serbia and Montenegro'),
(545, 'Gavrancic, Goran', 3, 0, 1, 0, 2, 0, 'Serbia and Montenegro'),
(546, 'Koroman, Ognjen', 2, 0, 2, 1, 2, 0, 'Serbia and Montenegro'),
(547, 'Kezman, Mateja', 2, 0, 1, 0, 0, 1, 'Serbia and Montenegro'),
(548, 'Milosevic, Savo', 3, 0, 6, 3, 0, 0, 'Serbia and Montenegro'),
(549, 'Stankovic, Dejan', 3, 0, 4, 1, 1, 0, 'Serbia and Montenegro'),
(550, 'Djordjevic, Predrag', 3, 0, 2, 1, 0, 0, 'Serbia and Montenegro'),
(551, 'Basta, Dusan', 0, 0, 0, 0, 0, 0, 'Serbia and Montenegro'),
(552, 'Djordjevic, Nenad', 2, 0, 0, 0, 0, 0, 'Serbia and Montenegro'),
(553, 'Dudic, Milan', 2, 0, 0, 0, 1, 0, 'Serbia and Montenegro'),
(554, 'Petkovic, Dusan', 0, 0, 0, 0, 0, 0, 'Serbia and Montenegro'),
(555, 'Nadj, Albert', 3, 0, 0, 0, 3, 1, 'Serbia and Montenegro'),
(556, 'Vukic, Zvonimir', 1, 0, 0, 0, 0, 0, 'Serbia and Montenegro'),
(557, 'Zigic, Nikola', 2, 1, 3, 1, 0, 0, 'Serbia and Montenegro'),
(558, 'Krstajic, Mladen', 3, 0, 1, 0, 1, 0, 'Serbia and Montenegro'),
(559, 'Ljuboja, Danijel', 2, 0, 0, 0, 0, 0, 'Serbia and Montenegro'),
(560, 'Ilic, Sasa', 1, 1, 1, 1, 0, 0, 'Serbia and Montenegro'),
(561, 'Nunez, Jorge', 3, 0, 4, 1, 1, 0, 'Paraguay'),
(562, 'Toledo, Delio', 1, 0, 0, 0, 0, 0, 'Paraguay'),
(563, 'Gamarra, Carlos', 3, 0, 0, 0, 0, 0, 'Paraguay'),
(564, 'Caceres, Julio Cesar', 3, 0, 0, 0, 0, 0, 'Paraguay'),
(565, 'Bonet, Carlos', 2, 0, 1, 0, 0, 0, 'Paraguay'),
(566, 'Cabanas, Salvador', 0, 0, 0, 0, 0, 0, 'Paraguay'),
(567, 'Barreto, Edgar', 2, 0, 3, 2, 1, 0, 'Paraguay'),
(568, 'Santa Cruz, Roque', 3, 0, 7, 2, 0, 0, 'Paraguay'),
(569, 'Acuna, Roberto', 3, 0, 2, 1, 1, 0, 'Paraguay'),
(570, 'Gavilan, Diego', 0, 0, 0, 0, 0, 0, 'Paraguay'),
(571, 'Paredes, Carlos', 3, 0, 6, 2, 2, 0, 'Paraguay'),
(572, 'Da Silva, Paulo', 1, 0, 0, 0, 0, 0, 'Paraguay'),
(573, 'Manzur, Julio', 1, 0, 0, 0, 0, 0, 'Paraguay'),
(574, 'Riveros, Cristian', 2, 0, 2, 1, 0, 0, 'Paraguay'),
(575, 'Montiel, Jose', 0, 0, 0, 0, 0, 0, 'Paraguay'),
(576, 'Valdez, Nelson', 3, 0, 11, 4, 1, 0, 'Paraguay'),
(577, 'Dos Santos, Julio', 2, 0, 0, 0, 1, 0, 'Paraguay'),
(578, 'Lopez, Dante', 1, 0, 0, 0, 0, 0, 'Paraguay'),
(579, 'Caniza, Denis', 3, 0, 1, 0, 1, 0, 'Paraguay'),
(580, 'Cuevas, Nelson', 2, 1, 2, 1, 0, 0, 'Paraguay'),
(581, 'Cox, Ian', 0, 0, 0, 0, 0, 0, 'Trinidad and Tobago'),
(582, 'John, Avery', 2, 0, 0, 0, 2, 1, 'Trinidad and Tobago'),
(583, 'Andrews, Marvin', 0, 0, 0, 0, 0, 0, 'Trinidad and Tobago'),
(584, 'Sancho, Brent', 3, 0, 0, 0, 1, 0, 'Trinidad and Tobago'),
(585, 'Lawrence, Dennis', 3, 0, 0, 0, 0, 0, 'Trinidad and Tobago'),
(586, 'Birchall, Christopher', 3, 0, 4, 1, 0, 0, 'Trinidad and Tobago'),
(587, 'Gray, Cyd', 2, 0, 0, 0, 1, 0, 'Trinidad and Tobago'),
(588, 'Whitley, Aurtis', 3, 0, 2, 1, 2, 0, 'Trinidad and Tobago'),
(589, 'Latapy, Russell', 1, 0, 2, 1, 0, 0, 'Trinidad and Tobago'),
(590, 'Edwards, Carlos', 3, 0, 3, 1, 0, 0, 'Trinidad and Tobago'),
(591, 'Samuel, Collin', 1, 0, 0, 0, 0, 0, 'Trinidad and Tobago'),
(592, 'Glen, Cornell', 3, 0, 3, 2, 0, 0, 'Trinidad and Tobago'),
(593, 'John, Stern', 3, 0, 4, 1, 0, 0, 'Trinidad and Tobago'),
(594, 'Jones, Kenwyne', 2, 0, 1, 0, 1, 0, 'Trinidad and Tobago'),
(595, 'Wise, Evans', 2, 0, 1, 0, 0, 0, 'Trinidad and Tobago'),
(596, 'Charles, Atiba', 0, 0, 0, 0, 0, 0, 'Trinidad and Tobago'),
(597, 'Theobald, Densill', 3, 0, 1, 0, 1, 0, 'Trinidad and Tobago'),
(598, 'Yorke, Dwight', 3, 0, 1, 0, 1, 0, 'Trinidad and Tobago'),
(599, 'Scotland, Jason', 0, 0, 0, 0, 0, 0, 'Trinidad and Tobago'),
(600, 'Wolfe, Anthony', 0, 0, 0, 0, 0, 0, 'Trinidad and Tobago'),
(601, 'Drummond, Jervis', 2, 0, 0, 0, 0, 0, 'Costa Rica'),
(602, 'Marin, Luis', 3, 0, 0, 0, 2, 0, 'Costa Rica'),
(603, 'Umana, Michael', 3, 0, 0, 0, 1, 0, 'Costa Rica'),
(604, 'Martinez, Gilberto', 1, 0, 0, 0, 0, 0, 'Costa Rica'),
(605, 'Fonseca, Danny', 2, 0, 1, 0, 1, 0, 'Costa Rica'),
(606, 'Bolanos, Cristian', 2, 0, 2, 1, 0, 0, 'Costa Rica'),
(607, 'Solis, Mauricio', 3, 0, 2, 2, 1, 0, 'Costa Rica'),
(608, 'Wanchope, Paulo', 3, 2, 5, 4, 0, 0, 'Costa Rica'),
(609, 'Centeno, Walter', 3, 0, 4, 1, 0, 0, 'Costa Rica'),
(610, 'Gomez, Ronald', 3, 1, 6, 1, 1, 0, 'Costa Rica'),
(611, 'Gonzalez, Leonardo', 3, 0, 1, 0, 1, 0, 'Costa Rica'),
(612, 'Bernard, Kurt', 1, 0, 1, 1, 0, 0, 'Costa Rica'),
(613, 'Azofeifa, Randall', 1, 0, 0, 0, 0, 0, 'Costa Rica'),
(614, 'Wallace, Harold', 2, 0, 0, 0, 0, 0, 'Costa Rica'),
(615, 'Hernandez, Carlos', 2, 0, 3, 0, 0, 0, 'Costa Rica'),
(616, 'Badilla, Gabriel', 1, 0, 0, 0, 1, 0, 'Costa Rica'),
(617, 'Saborio, Alvaro', 2, 0, 2, 1, 0, 0, 'Costa Rica'),
(618, 'Sequeira, Douglas', 2, 0, 1, 0, 0, 0, 'Costa Rica'),
(619, 'Nunez, Victor', 0, 0, 0, 0, 0, 0, 'Costa Rica'),
(620, 'Rodriguez, Michael', 0, 0, 0, 0, 0, 0, 'Costa Rica'),
(621, 'Jop, Mariusz', 1, 0, 0, 0, 0, 0, 'Poland'),
(622, 'Gancarczyk, Seweryn', 0, 0, 0, 0, 0, 0, 'Poland'),
(623, 'Baszczynski, Marcin', 3, 0, 1, 1, 1, 0, 'Poland'),
(624, 'Kosowski, Kamil', 1, 0, 1, 0, 0, 0, 'Poland'),
(625, 'Bak, Jacek', 3, 0, 0, 0, 1, 0, 'Poland'),
(626, 'Sobolewski, Radoslaw', 2, 0, 0, 0, 2, 1, 'Poland'),
(627, 'Krzynowek, Jacek', 3, 0, 3, 2, 1, 0, 'Poland'),
(628, 'Zurawski, Maciej', 3, 0, 4, 1, 0, 0, 'Poland'),
(629, 'Szymkowiak, Miroslav', 2, 0, 2, 0, 0, 0, 'Poland'),
(630, 'Rasiak, Grzegorz', 1, 0, 0, 0, 0, 0, 'Poland'),
(631, 'Mila, Sebastian', 0, 0, 0, 0, 0, 0, 'Poland'),
(632, 'Zewlakow, Michal', 3, 0, 1, 0, 1, 0, 'Poland'),
(633, 'Smolarek, Ebi', 3, 0, 2, 2, 1, 0, 'Poland'),
(634, 'Radomski, Arkadiusz', 3, 0, 0, 0, 1, 0, 'Poland'),
(635, 'Dudka, Dariusz', 1, 0, 0, 0, 0, 0, 'Poland'),
(636, 'Lewandowski, Mariusz', 2, 0, 0, 0, 0, 0, 'Poland'),
(637, 'Bosacki, Bartosz', 2, 2, 2, 2, 0, 0, 'Poland'),
(638, 'Giza, Piotr', 0, 0, 0, 0, 0, 0, 'Poland'),
(639, 'Jelen, Ireneusz', 3, 0, 4, 3, 0, 0, 'Poland'),
(640, 'Brozek, Pawel', 3, 0, 2, 2, 0, 0, 'Poland');

-- Game information;
insert into hwtwo_games values (1, 'Germany', 'Costa Rica', 4, 2, 'Germany', 'Group A'),
(2, 'Poland', 'Ecuador', 0, 2, 'Ecuador', 'Group A'),
(3, 'Germany', 'Poland', 1, 0, 'Germany', 'Group A'),
(4, 'Ecuador', 'Costa Rica', 3, 0, 'Ecuador', 'Group A'),
(5, 'Ecuador', 'Germany', 0, 3, 'Germany', 'Group A'),
(6, 'Costa Rica', 'Poland', 1, 2, 'Poland', 'Group A'),
(7, 'England', 'Paraguay', 1, 0, 'England', 'Group B'),
(8, 'Trinidad and Tobago', 'Sweden', 0, 0, 'Draw', 'Group B'),
(9, 'England', 'Trinidad and Tobago', 2, 0, 'England', 'Group B'),
(10, 'Sweden', 'Paraguay', 1, 0, 'Sweden', 'Group B'),
(11, 'Sweden', 'England', 2, 2, 'Draw', 'Group B'),
(12, 'Paraguay', 'Trinidad and Tobago', 2, 0, 'Paraguay', 'Group B'),
(13, 'Argentina', 'Cote d Ivoire', 2, 1, 'Argentina', 'Group C'),
(14, 'Serbia and Montenegro', 'Netherlands', 0, 1, 'Netherlands ', 'Group C'),
(15, 'Argentina', 'Serbia and Montenegro', 6, 0, 'Argentina', 'Group C'),
(16, 'Netherlands', 'Cote d Ivoire', 2, 1, 'Netherlands ', 'Group C'),
(17, 'Netherlands', 'Argentina', 0, 0, 'Draw', 'Group C'),
(18, 'Cote d Ivoire', 'Serbia and Montenegro', 3, 2, 'Cote d Ivoire', 'Group C'),
(19, 'Mexico', 'Iran', 3, 1, 'Mexico', 'Group D'),
(20, 'Angola', 'Portugal', 0, 1, 'Portugal', 'Group D'),
(21, 'Mexico', 'Angola', 0, 0, 'Draw', 'Group D'),
(22, 'Portugal', 'Iran', 2, 0, 'Portugal', 'Group D'),
(23, 'Portugal', 'Mexico', 2, 1, 'Portugal', 'Group D'),
(24, 'Iran', 'Angola', 1, 1, 'Draw', 'Group D'),
(25, 'Italy', 'Ghana', 2, 0, 'Italy', 'Group E'),
(26, 'USA', 'Czech Republic', 0, 3, 'Czech Republic', 'Group E'),
(27, 'Italy', 'USA', 1, 1, 'Draw', 'Group E'),
(28, 'Czech Republic', 'Ghana', 0, 2, 'Ghana', 'Group E'),
(29, 'Czech Republic', 'Italy', 0, 2, 'Italy', 'Group E'),
(30, 'Ghana', 'USA', 2, 1, 'Ghana', 'Group E'),
(31, 'Brazil', 'Croatia', 1, 0, 'Brazil', 'Group F'),
(32, 'Australia', 'Japan', 3, 1, 'Australia', 'Group F'),
(33, 'Brazil', 'Australia', 2, 0, 'Brazil', 'Group F'),
(34, 'Japan', 'Croatia', 0, 0, 'Draw', 'Group F'),
(35, 'Japan', 'Brazil', 1, 4, 'Brazil', 'Group F'),
(36, 'Croatia', 'Australia', 2, 2, 'Draw', 'Group F'),
(37, 'France', 'Switzerland', 0, 0, 'Draw', 'Group G'),
(38, 'Korea Republic', 'Togo', 2, 1, 'Korea Republic', 'Group G'),
(39, 'France', 'Korea Republic', 1, 1, 'Draw', 'Group G'),
(40, 'Togo', 'Switzerland', 0, 2, 'Switzerland', 'Group G'),
(41, 'Togo', 'France', 0, 2, 'France', 'Group G'),
(42, 'Switzerland', 'Korea Republic', 2, 0, 'Switzerland', 'Group G'),
(43, 'Spain', 'Ukraine', 4, 0, 'Spain', 'Group H'),
(44, 'Tunisia', 'Saudi Arabia', 2, 2, 'Draw', 'Group H'),
(45, 'Spain', 'Tunisia', 3, 1, 'Spain', 'Group H'),
(46, 'Saudi Arabia', 'Ukraine', 0, 4, 'Ukraine', 'Group H'),
(47, 'Saudi Arabia', 'Spain', 0, 1, 'Spain', 'Group H'),
(48, 'Ukraine', 'Tunisia', 1, 0, 'Ukraine', 'Group H'),
(49, 'Germany', 'Sweden', 2, 0, 'Germany', 'Last 16'),
(50, 'Argentina', 'Mexico', 2, 1, 'Argentina', 'Last 16'),
(51, 'Italy', 'Australia', 1, 0, 'Italy', 'Last 16'),
(52, 'Sweden', 'Ukraine', 0, 3, 'Ukraine', 'Last 16'),
(53, 'England', 'Ecuador', 1, 0, 'England', 'Last 16'),
(54, 'Portugal', 'Netherlands', 1, 0, 'Portugal', 'Last 16'),
(55, 'Brazil', 'Ghana', 3, 0, 'Brazil', 'Last 16'),
(56, 'Spain', 'France', 1, 3, 'France', 'Last 16'),
(57, 'Germany', 'Argentina', 4, 2, 'Germany', 'Quarterfinal'),
(58, 'Italy', 'Ukraine', 3, 0, 'Italy', 'Quarterfinal'),
(59, 'England', 'Portugal', 1, 3, 'Portugal', 'Quarterfinal'),
(60, 'Brazil', 'France', 0, 1, 'France', 'Quarterfinal'),
(61, 'Germany', 'Italy', 0, 2, 'Italy', 'Semifinal'),
(62, 'Portugal', 'France', 0, 1, 'France', 'Semifinal'),
(63, 'Germany', 'Portugal', 3, 1, 'Germany', 'Third-Place'),
(64, 'Italy', 'France', 5, 3, 'Italy', 'Final');

select * from hwtwo_teams;
select * from hwtwo_players;
select * from hwtwo_games;
